index,country,year,gdp,infrate,trade,schooling,invest60,invest70,invest80,industry
1,USA,1960,2.879,NA,9.693181038,43.79999924,NA,NA,NA,NA
1,USA,1961,2.929,1.075181961,9.444654465,NA,NA,NA,NA,NA
1,USA,1962,3.103,1.116070986,9.42932415,NA,NA,NA,NA,NA
1,USA,1963,3.227,1.214128017,9.470705986,NA,NA,NA,NA,NA
1,USA,1964,3.42,1.308614969,9.725878716,NA,NA,NA,NA,NA
1,USA,1965,3.667,1.668460965,9.73034668,43.79999924,NA,NA,NA,NA
1,USA,1966,3.974,2.990999937,10.09759235,NA,NA,NA,NA,NA
1,USA,1967,4.154,2.775635958,10.20810223,NA,NA,NA,NA,NA
1,USA,1968,4.494,4.217720985,10.59393692,NA,NA,NA,NA,NA
1,USA,1969,4.805,5.414700985,10.63563347,NA,NA,NA,NA,NA
1,USA,1970,4.999,5.895296097,11.38864136,44.40000153,NA,NA,NA,NA
1,USA,1971,5.362,4.255928993,11.36757565,NA,NA,NA,NA,34.50862885
1,USA,1972,5.838,3.305614948,11.96715832,NA,NA,NA,NA,34.44429016
1,USA,1973,6.464,6.220064163,13.71356487,NA,NA,NA,NA,34.37520981
1,USA,1974,6.951,11.0352602,17.31613541,NA,NA,NA,NA,34.03606033
1,USA,1975,7.519,9.131930351,16.37969017,42.59999847,NA,NA,NA,33.22566986
1,USA,1976,8.3,5.737027168,16.87365913,NA,NA,NA,NA,33.760849
1,USA,1977,9.146,6.486460209,17.22059059,NA,NA,NA,NA,34.26464081
1,USA,1978,10.229,7.647463799,17.80619049,NA,NA,NA,NA,34.03723145
1,USA,1979,11.306,11.26603985,19.28054619,NA,NA,NA,NA,33.6264801
1,USA,1980,12.186,13.50936985,21.08157921,62.90000153,0.238839999,0.245680004,22.37599945,33.51438904
1,USA,1981,13.533,10.31552982,20.3632412,NA,NA,NA,NA,34.08827972
1,USA,1982,13.94,6.160615921,18.47162056,NA,NA,NA,NA,32.90969086
1,USA,1983,15.008,3.212435007,17.62430763,NA,NA,NA,NA,31.49721909
1,USA,1984,16.549,4.317268848,18.57701302,NA,NA,NA,NA,31.87277985
1,USA,1985,17.6,3.56111598,17.64240837,57.40000153,NA,NA,NA,30.86451912
1,USA,1986,18.439,1.858736038,17.95412445,NA,NA,NA,NA,29.44326019
1,USA,1987,19.407,3.740875959,19.11618614,NA,NA,NA,NA,29.19972992
1,USA,1988,20.711,4.009088039,20.33081818,NA,NA,NA,NA,29.60648918
1,USA,1989,22.047,4.827003002,20.73029327,NA,NA,NA,NA,28.61903954
1,USA,1990,23.064,5.397955894,21.18795013,44.40000153,NA,NA,NA,27.85032082
1,USA,1991,23.507,4.234963894,21.26634979,NA,NA,NA,NA,26.62005997
1,USA,1992,24.509,3.028820038,21.54220963,NA,NA,NA,NA,25.72842979
1,USA,1993,25.409,2.951657057,21.55764961,NA,NA,NA,NA,25.61001015
1,USA,1994,26.67,2.607441902,22.61821938,NA,NA,NA,NA,26.08295059
1,USA,1995,27.574,2.805419922,24.27397919,44.59999847,NA,NA,NA,26.29285049
1,USA,1996,28.814,2.931204081,24.58246994,NA,NA,NA,NA,25.78540039
1,USA,1997,30.262,2.337690115,25.59153938,NA,NA,NA,NA,25.3842907
1,USA,1998,31.519,1.552278996,24.69056892,NA,NA,NA,NA,25.01884079
1,USA,1999,33.028,2.188026905,NA,NA,NA,NA,NA,24.72504997
1,USA,2000,34.603,3.376857042,NA,39.59999847,NA,NA,NA,24.44348907
1,USA,2001,35.341,2.826170921,NA,NA,NA,NA,NA,23.04858017
1,USA,2002,36.18,1.586032033,NA,NA,NA,NA,NA,NA
1,USA,2003,37.548,2.27009511,NA,NA,NA,NA,NA,NA
2,UK,1960,2.158,NA,43.25547028,24.5,NA,NA,NA,NA
2,UK,1961,2.216,3.579417944,41.53324127,NA,NA,NA,NA,NA
2,UK,1962,2.276,4.103672028,40.40463257,NA,NA,NA,NA,NA
2,UK,1963,2.386,2.074688911,40.40658569,NA,NA,NA,NA,NA
2,UK,1964,2.534,3.211381912,40.5187645,NA,NA,NA,NA,NA
2,UK,1965,2.66,4.805040836,39.22533798,26.5,NA,NA,NA,NA
2,UK,1966,2.794,3.90830493,38.96463394,NA,NA,NA,NA,NA
2,UK,1967,2.923,2.423146009,39.31318665,NA,NA,NA,NA,NA
2,UK,1968,3.173,4.731637955,43.66513062,NA,NA,NA,NA,NA
2,UK,1969,3.391,5.461902142,44.03898239,NA,NA,NA,NA,NA
2,UK,1970,3.615,6.361893177,45.24773788,28.89999962,NA,NA,NA,NA
2,UK,1971,3.854,9.407875061,44.9333992,NA,NA,NA,NA,43.07859039
2,UK,1972,4.149,7.087912083,43.55904388,NA,NA,NA,NA,42.56008148
2,UK,1973,4.683,9.209851265,49.80358124,NA,NA,NA,NA,42.13539886
2,UK,1974,5.036,15.90322018,60.96212006,NA,NA,NA,NA,41.62374878
2,UK,1975,5.481,24.23508072,53.56206131,31,NA,NA,NA,40.48817825
2,UK,1976,5.953,16.53255081,58.16978836,NA,NA,NA,NA,41.08992004
2,UK,1977,6.489,15.88197994,59.42041779,NA,NA,NA,NA,41.33041
2,UK,1978,7.176,8.21596241,55.65679169,NA,NA,NA,NA,41.46580887
2,UK,1979,7.973,13.46570969,55.69035339,NA,NA,NA,NA,41.82387161
2,UK,1980,8.502,17.97059059,52.32687378,32.90000153,0.200800002,0.226019993,17.58799934,42.34629822
2,UK,1981,9.161,11.87983036,50.51420975,NA,NA,NA,NA,41.89466095
2,UK,1982,9.917,8.590529442,50.75240707,NA,NA,NA,NA,41.49169159
2,UK,1983,10.669,4.607017994,52.09130096,NA,NA,NA,NA,40.90145111
2,UK,1984,11.336,4.953409195,57.00432968,NA,NA,NA,NA,40.38235855
2,UK,1985,12.068,6.065421104,56.62236404,35.70000076,NA,NA,NA,39.76277924
2,UK,1986,12.795,3.427614927,52.05639648,NA,NA,NA,NA,39.13433838
2,UK,1987,13.717,4.148918152,51.93616486,NA,NA,NA,NA,38.03052139
2,UK,1988,14.864,4.907976151,49.64918137,NA,NA,NA,NA,37.21298981
2,UK,1989,15.716,7.797270775,51.64562988,NA,NA,NA,NA,36.62966919
2,UK,1990,16.397,9.475587845,51.46746063,38.5,NA,NA,NA,35.17424011
2,UK,1991,16.681,5.853981018,48.2093811,NA,NA,NA,NA,33.12701035
2,UK,1992,17.069,3.732600927,49.34975815,NA,NA,NA,NA,31.88966942
2,UK,1993,17.845,1.564473987,52.59363174,NA,NA,NA,NA,31.27092934
2,UK,1994,18.975,2.476449966,54.25775909,NA,NA,NA,NA,31.69333076
2,UK,1995,19.86,3.41099596,57.89683914,39.90000153,NA,NA,NA,31.99648094
2,UK,1996,20.923,2.448705912,59.84957886,NA,NA,NA,NA,31.86725998
2,UK,1997,22.28,3.13233304,57.8405304,NA,NA,NA,NA,31.0741291
2,UK,1998,23.206,3.418169975,55.98906326,NA,NA,NA,NA,29.46092033
2,UK,1999,23.959,1.555384994,NA,NA,NA,NA,NA,28.59877014
2,UK,2000,25.583,2.927099943,NA,39.09999847,NA,NA,NA,28.47661018
2,UK,2001,27.026,1.820852041,NA,NA,NA,NA,NA,27.47551918
2,UK,2002,28.969,1.634457946,NA,NA,NA,NA,NA,26.99037933
2,UK,2003,29.609,2.913631916,NA,NA,NA,NA,NA,26.59016037
3,Austria,1960,1.796,NA,48.12609482,48.70000076,NA,NA,NA,NA
3,Austria,1961,1.899,3.542256117,46.52595901,NA,NA,NA,NA,NA
3,Austria,1962,1.977,4.381784916,47.17101288,NA,NA,NA,NA,NA
3,Austria,1963,2.074,2.708770037,47.97725296,NA,NA,NA,NA,NA
3,Austria,1964,2.224,3.868571043,48.41509628,NA,NA,NA,NA,NA
3,Austria,1965,2.336,4.930911064,49.61330032,47.59999847,NA,NA,NA,NA
3,Austria,1966,2.537,2.205882072,50.31641006,NA,NA,NA,NA,NA
3,Austria,1967,2.668,3.974999905,49.68385315,NA,NA,NA,NA,NA
3,Austria,1968,2.908,2.773102999,50.41091537,NA,NA,NA,NA,NA
3,Austria,1969,3.239,3.080401897,54.23251343,NA,NA,NA,NA,NA
3,Austria,1970,3.732,4.372825146,59.71196365,46.5,NA,NA,NA,NA
3,Austria,1971,4.1,4.70426178,59.18536758,NA,NA,NA,NA,41.21850967
3,Austria,1972,4.513,6.362062931,59.09091949,NA,NA,NA,NA,41.52563095
3,Austria,1973,4.969,7.524082184,59.26242828,NA,NA,NA,NA,42.23682022
3,Austria,1974,5.622,9.521791458,64.81172943,NA,NA,NA,NA,42.26026917
3,Austria,1975,6.147,8.44525528,61.59815216,45.59999847,NA,NA,NA,40.1281395
3,Austria,1976,6.81,7.318688869,65.17086792,NA,NA,NA,NA,39.39789963
3,Austria,1977,7.588,5.474999905,65.20968628,NA,NA,NA,NA,39.05883026
3,Austria,1978,8.117,3.579046965,64.74066925,NA,NA,NA,NA,39.23564911
3,Austria,1979,9.288,3.707093954,69.69871521,NA,NA,NA,NA,38.17720032
3,Austria,1980,10.312,6.325389862,73.99585724,61.79999924,0.263379991,0.311040014,26.6420002,38.09646988
3,Austria,1981,11.242,6.806861877,76.07967377,NA,NA,NA,NA,37.83084869
3,Austria,1982,12.148,5.440413952,71.68455505,NA,NA,NA,NA,36.90459061
3,Austria,1983,13.048,3.335381031,70.53411102,NA,NA,NA,NA,36.41043091
3,Austria,1984,13.533,5.664864063,75.51269531,NA,NA,NA,NA,35.23595047
3,Austria,1985,14.296,3.189693928,79.06573486,60,NA,NA,NA,35.58243942
3,Austria,1986,14.921,1.700921059,70.92528534,NA,NA,NA,NA,35.29153061
3,Austria,1987,15.549,1.399999976,69.63399506,NA,NA,NA,NA,34.79196167
3,Austria,1988,16.595,1.931295037,74.93547058,NA,NA,NA,NA,34.58338928
3,Austria,1989,17.768,2.563895941,78.90684509,NA,NA,NA,NA,34.1114502
3,Austria,1990,19.07,3.262321949,79.02966309,57.90000153,NA,NA,NA,34.11053085
3,Austria,1991,20.172,3.334347963,78.76909637,NA,NA,NA,NA,33.98060989
3,Austria,1992,20.96,4.029763222,76.0029068,NA,NA,NA,NA,33.0332489
3,Austria,1993,21.22,3.625806093,73.35832977,NA,NA,NA,NA,32.18622971
3,Austria,1994,22.139,2.95906496,75.14964294,NA,NA,NA,NA,32.13827896
3,Austria,1995,22.976,2.250099897,77.78494263,55.70000076,NA,NA,NA,32.44964981
3,Austria,1996,24.008,1.843557,80.74391937,NA,NA,NA,NA,32.29561996
3,Austria,1997,24.472,1.325000048,85.25792694,NA,NA,NA,NA,32.7269783
3,Austria,1998,25.314,0.904679716,NA,NA,NA,NA,NA,32.84259033
3,Austria,1999,26.558,0.56239301,NA,NA,NA,NA,NA,32.90002823
3,Austria,2000,28.359,2.35046196,NA,55,NA,NA,NA,32.77484894
3,Austria,2001,28.855,2.659961939,NA,NA,NA,NA,NA,32.16859818
3,Austria,2002,29.942,1.810212016,NA,NA,NA,NA,NA,31.98477936
3,Austria,2003,30.796,1.363419056,NA,NA,NA,NA,NA,31.73712921
4,Belgium,1960,1.782,NA,77.34178162,27.10000038,NA,NA,NA,NA
4,Belgium,1961,1.883,0.983146071,80.0162735,NA,NA,NA,NA,NA
4,Belgium,1962,2.018,1.404729009,82.4377594,NA,NA,NA,NA,NA
4,Belgium,1963,2.122,2.153340101,85.66539001,NA,NA,NA,NA,NA
4,Belgium,1964,2.288,4.175618172,86.62045288,NA,NA,NA,NA,NA
4,Belgium,1965,2.414,4.059802055,85.26190948,28.5,NA,NA,NA,NA
4,Belgium,1966,2.559,4.173892021,89.37012482,NA,NA,NA,NA,NA
4,Belgium,1967,2.719,2.912852049,86.23964691,NA,NA,NA,NA,NA
4,Belgium,1968,2.958,2.703326941,90.62301636,NA,NA,NA,NA,NA
4,Belgium,1969,3.308,3.745781898,97.94963837,NA,NA,NA,NA,NA
4,Belgium,1970,3.797,3.914128065,100.4281311,28.70000076,NA,NA,NA,NA
4,Belgium,1971,4.129,4.340568066,97.97509766,NA,NA,NA,NA,42.50226974
4,Belgium,1972,4.512,5.447500229,97.54891968,NA,NA,NA,NA,41.94414902
4,Belgium,1973,5.039,6.95527792,107.7750702,NA,NA,NA,NA,42.51509094
4,Belgium,1974,5.707,12.67788982,120.5175323,NA,NA,NA,NA,43.29301071
4,Belgium,1975,6.146,12.76819992,104.7795486,30.29999924,NA,NA,NA,40.01700974
4,Belgium,1976,6.854,9.158699989,110.8381042,NA,NA,NA,NA,40.13394928
4,Belgium,1977,7.326,7.11084795,109.5375977,NA,NA,NA,NA,39.49528122
4,Belgium,1978,8.056,4.470594883,105.6856232,NA,NA,NA,NA,38.45701981
4,Belgium,1979,8.921,4.469083786,116.2898483,NA,NA,NA,NA,38.20923996
4,Belgium,1980,10.156,6.650975227,117.1687622,31.60000038,0.268640012,0.282460004,21.87599945,36.84375
4,Belgium,1981,11.079,7.628273964,126.3526306,NA,NA,NA,NA,34.46517181
4,Belgium,1982,11.827,8.725851059,134.4236603,NA,NA,NA,NA,34.40620041
4,Belgium,1983,12.334,7.663370132,137.1891327,NA,NA,NA,NA,34.14059067
4,Belgium,1984,13.113,6.347517014,146.6428528,NA,NA,NA,NA,33.48085022
4,Belgium,1985,13.735,4.867675781,140.55513,32.59999847,NA,NA,NA,34.21350098
4,Belgium,1986,14.292,1.295500994,126.7110367,NA,NA,NA,NA,33.22914886
4,Belgium,1987,15.013,1.554483056,122.6466217,NA,NA,NA,NA,32.10179901
4,Belgium,1988,16.209,1.162050962,129.2056122,NA,NA,NA,NA,32.88088989
4,Belgium,1989,17.345,3.105449915,138.3846741,NA,NA,NA,NA,33.22943115
4,Belgium,1990,18.526,3.452822924,134.0065765,32.59999847,NA,NA,NA,32.66429901
4,Belgium,1991,19.453,3.208551884,130.8264008,NA,NA,NA,NA,30.66161919
4,Belgium,1992,20.123,2.429913998,126.4359665,NA,NA,NA,NA,30.11092949
4,Belgium,1993,20.308,2.753962994,120.2379913,NA,NA,NA,NA,28.99867058
4,Belgium,1994,21.34,2.377799034,125.5378799,NA,NA,NA,NA,28.9236393
4,Belgium,1995,22.248,1.466814041,129.360672,30.5,NA,NA,NA,29.53442955
4,Belgium,1996,22.687,2.058918953,131.8749542,NA,NA,NA,NA,29.14130974
4,Belgium,1997,23.416,1.627459049,141.3143768,NA,NA,NA,NA,29.25781059
4,Belgium,1998,24.164,0.95362258,149.6824036,NA,NA,NA,NA,28.63953018
4,Belgium,1999,24.792,1.119241953,NA,NA,NA,NA,NA,27.95392036
4,Belgium,2000,26.631,2.546246052,NA,28,NA,NA,NA,28.0895195
4,Belgium,2001,28.001,2.471272945,NA,NA,NA,NA,NA,27.25737953
4,Belgium,2002,29.33,1.643453956,NA,NA,NA,NA,NA,27.01091957
4,Belgium,2003,30.082,1.591312051,NA,NA,NA,NA,NA,26.48477936
5,Denmark,1960,2.329,NA,65.78219604,46.09999847,NA,NA,NA,NA
5,Denmark,1961,2.485,3.451628923,61.5406723,NA,NA,NA,NA,NA
5,Denmark,1962,2.665,7.377820015,60.33737946,NA,NA,NA,NA,NA
5,Denmark,1963,2.7,6.105032921,60.41604233,NA,NA,NA,NA,NA
5,Denmark,1964,2.98,3.092782974,61.67810059,NA,NA,NA,NA,NA
5,Denmark,1965,3.177,5.449999809,61.38874054,45.5,NA,NA,NA,NA
5,Denmark,1966,3.377,7.064960003,59.8727417,NA,NA,NA,NA,NA
5,Denmark,1967,3.58,8.207853317,57.8547287,NA,NA,NA,NA,NA
5,Denmark,1968,3.892,7.953615189,57.87989426,NA,NA,NA,NA,NA
5,Denmark,1969,4.352,3.487931013,58.46832657,NA,NA,NA,NA,NA
5,Denmark,1970,4.541,6.514836788,60.32180786,44.5,NA,NA,NA,NA
5,Denmark,1971,4.858,5.869876862,58.49474716,NA,NA,NA,NA,31.78034019
5,Denmark,1972,5.262,6.562347889,54.94262314,NA,NA,NA,NA,31.53146935
5,Denmark,1973,5.719,9.303388596,60.46510315,NA,NA,NA,NA,30.28473091
5,Denmark,1974,6.121,15.27519989,68.13898468,NA,NA,NA,NA,29.58703995
5,Denmark,1975,6.565,9.605613708,62.65064621,44.90000153,NA,NA,NA,29.25056076
5,Denmark,1976,7.371,9,63.94929504,NA,NA,NA,NA,28.2498703
5,Denmark,1977,7.901,11.13914013,62.84295273,NA,NA,NA,NA,28.02202988
5,Denmark,1978,8.585,10.00893974,59.20885849,NA,NA,NA,NA,27.5630703
5,Denmark,1979,9.566,9.611055374,62.88594818,NA,NA,NA,NA,26.88064003
5,Denmark,1980,10.362,12.30531979,68.16064453,43.40000153,0.293440014,0.332839996,22.2179985,28.23314095
5,Denmark,1981,11.106,11.79158974,74.1873703,NA,NA,NA,NA,26.57710075
5,Denmark,1982,12.115,10.08994007,74.1342926,NA,NA,NA,NA,26.75724983
5,Denmark,1983,12.822,6.907309055,72.48873138,NA,NA,NA,NA,26.98975945
5,Denmark,1984,13.777,6.322079182,73.97858429,NA,NA,NA,NA,27.29058075
5,Denmark,1985,14.698,4.652379036,74.8504715,42.5,NA,NA,NA,27.62063026
5,Denmark,1986,15.608,3.721278906,66.16890717,NA,NA,NA,NA,28.2460804
5,Denmark,1987,16.024,3.985070944,62.58148193,NA,NA,NA,NA,27.91802025
5,Denmark,1988,16.766,4.550190926,63.532341,NA,NA,NA,NA,27.08609009
5,Denmark,1989,17.418,4.784052849,67.06668854,NA,NA,NA,NA,27.02067947
5,Denmark,1990,18.237,2.652715921,66.58467865,49.90000153,NA,NA,NA,26.54429054
5,Denmark,1991,19.07,2.367959976,68.53211212,NA,NA,NA,NA,26.16955948
5,Denmark,1992,19.829,2.101980925,66.43089294,NA,NA,NA,NA,26.34534073
5,Denmark,1993,20.199,1.250985026,63.97608948,NA,NA,NA,NA,25.1901207
5,Denmark,1994,21.691,1.99435699,65.6126709,NA,NA,NA,NA,25.3115406
5,Denmark,1995,22.693,2.098436117,66.71785736,47,NA,NA,NA,25.75750923
5,Denmark,1996,23.781,2.111360073,66.07380676,NA,NA,NA,NA,25.95112991
5,Denmark,1997,24.878,2.195791006,68.58706665,NA,NA,NA,NA,26.04515076
5,Denmark,1998,25.669,1.853178024,NA,NA,NA,NA,NA,26.00064087
5,Denmark,1999,27.113,2.478684902,NA,NA,NA,NA,NA,26.22229958
5,Denmark,2000,28.798,2.924778938,NA,46.5,NA,NA,NA,27.18490982
5,Denmark,2001,29.837,2.349999905,NA,NA,NA,NA,NA,26.28203011
5,Denmark,2002,30.318,2.426315069,NA,NA,NA,NA,NA,26.4006691
5,Denmark,2003,30.853,2.090620041,NA,NA,NA,NA,NA,26.40538979
6,France,1960,1.858,NA,26.91962242,25.70000076,NA,NA,NA,NA
6,France,1961,1.959,2.414561987,26.21154976,NA,NA,NA,NA,NA
6,France,1962,2.099,5.24725008,24.89855957,NA,NA,NA,NA,NA
6,France,1963,2.205,4.939690113,25.00590897,NA,NA,NA,NA,NA
6,France,1964,2.367,3.229337931,25.62296104,NA,NA,NA,NA,NA
6,France,1965,2.526,2.714740038,25.74950409,25.79999924,NA,NA,NA,NA
6,France,1966,2.728,2.570720911,26.4759407,NA,NA,NA,NA,NA
6,France,1967,2.915,2.818319082,26.18845749,NA,NA,NA,NA,NA
6,France,1968,3.163,4.552128792,26.57131958,NA,NA,NA,NA,NA
6,France,1969,3.531,6.039326191,28.73958015,NA,NA,NA,NA,NA
6,France,1970,3.857,5.845475197,31.08583069,26,NA,NA,NA,NA
6,France,1971,4.203,5.397513866,31.76096153,NA,NA,NA,NA,38.6492691
6,France,1972,4.535,6.063004017,32.39191818,NA,NA,NA,NA,38.69789886
6,France,1973,5.008,7.380597115,34.27933884,NA,NA,NA,NA,37.94067001
6,France,1974,5.594,13.64931965,42.39096451,NA,NA,NA,NA,37.5677681
6,France,1975,6.077,11.68593025,36.92750549,26.79999924,NA,NA,NA,37.6620903
6,France,1976,6.673,9.62549305,39.89237213,NA,NA,NA,NA,37.49076843
6,France,1977,7.292,9.494556427,40.84986496,NA,NA,NA,NA,36.88101959
6,France,1978,8.031,9.250558853,39.48852921,NA,NA,NA,NA,36.23006058
6,France,1979,8.948,10.64673996,41.87905121,NA,NA,NA,NA,35.84072876
6,France,1980,9.891,13.53911018,44.26931763,34.5,0.278059989,0.328700006,27.23600006,36.03030014
6,France,1981,10.929,13.33333015,46.10194016,NA,NA,NA,NA,35.17298889
6,France,1982,11.869,11.97848034,45.50130463,NA,NA,NA,NA,34.09864044
6,France,1983,12.518,9.459547997,45.12783813,NA,NA,NA,NA,33.51457977
6,France,1984,13.145,7.673802853,47.64642715,NA,NA,NA,NA,33.1211586
6,France,1985,13.746,5.831099033,47.15917587,36.29999924,NA,NA,NA,32.78712845
6,France,1986,14.308,2.538527012,41.34467316,NA,NA,NA,NA,31.80394936
6,France,1987,14.94,3.288897991,41.14437103,NA,NA,NA,NA,30.94017982
6,France,1988,16.04,2.700817108,42.52645493,NA,NA,NA,NA,30.74394989
6,France,1989,17.193,3.498301983,45.68644333,NA,NA,NA,NA,30.22196007
6,France,1990,18.244,3.380057096,45.13056946,36.90000153,NA,NA,NA,29.69997978
6,France,1991,19.021,3.216934919,45.04747009,NA,NA,NA,NA,29.52016068
6,France,1992,19.746,2.365765095,44.02611923,NA,NA,NA,NA,29.15712929
6,France,1993,19.92,2.10600996,41.84120941,NA,NA,NA,NA,27.45125008
6,France,1994,20.695,1.660873055,43.40137863,NA,NA,NA,NA,27.18095016
6,France,1995,21.545,1.778115988,44.69141006,37.29999924,NA,NA,NA,27.27589989
6,France,1996,22.288,2.008362055,45.60446167,NA,NA,NA,NA,26.60660934
6,France,1997,23.37,1.200322032,49.36040115,NA,NA,NA,NA,26.04122925
6,France,1998,24.412,0.67259711,NA,NA,NA,NA,NA,25.94564056
6,France,1999,25.111,0.5,NA,NA,NA,NA,NA,25.49263954
6,France,2000,26.69,1.691542029,NA,37.29999924,NA,NA,NA,25.48118973
6,France,2001,28.043,1.663404942,NA,NA,NA,NA,NA,25.50169945
6,France,2002,28.829,1.92492795,NA,NA,NA,NA,NA,25.30812073
6,France,2003,29.21,2.101038933,NA,NA,NA,NA,NA,24.47356987
7,West Germany,1960,2.284,NA,35.45968246,61,NA,NA,NA,44.98724365
7,West Germany,1961,2.388,2.515723228,33.83678436,NA,NA,NA,NA,NA
7,West Germany,1962,2.527,2.760736227,33.46637726,NA,NA,NA,NA,NA
7,West Germany,1963,2.61,2.98507452,34.16062927,NA,NA,NA,NA,NA
7,West Germany,1964,2.806,2.318840504,34.56613922,NA,NA,NA,NA,NA
7,West Germany,1965,3.005,3.399433374,35.81679916,58.90000153,NA,NA,NA,NA
7,West Germany,1966,3.168,3.561643839,36.62822723,NA,NA,NA,NA,NA
7,West Germany,1967,3.241,1.587301612,37.22666168,NA,NA,NA,NA,NA
7,West Germany,1968,3.571,1.041666627,39.09016037,NA,NA,NA,NA,NA
7,West Germany,1969,3.998,2.061855555,40.57123566,NA,NA,NA,NA,NA
7,West Germany,1970,4.367,3.282828331,40.31837845,57,NA,NA,NA,38.21701431
7,West Germany,1971,4.686,5.134474277,39.73991394,NA,NA,NA,NA,48.00125885
7,West Germany,1972,5.055,5.348837376,39.23000336,NA,NA,NA,NA,46.94689178
7,West Germany,1973,5.553,6.843266964,40.75988007,NA,NA,NA,NA,46.53435898
7,West Germany,1974,6.074,6.818181992,48.3936882,NA,NA,NA,NA,45.70886993
7,West Germany,1975,6.603,5.99613142,46.45782852,46.79999924,NA,NA,NA,43.37009048
7,West Germany,1976,7.367,4.379561901,49.10308075,NA,NA,NA,NA,43.61360931
7,West Germany,1977,8.09,3.496503592,48.564785,NA,NA,NA,NA,43.16601944
7,West Germany,1978,8.928,2.533783674,47.0717926,NA,NA,NA,NA,42.96508026
7,West Germany,1979,10.067,3.789126873,49.48575211,NA,NA,NA,NA,43.08098984
7,West Germany,1980,11.083,5.238095284,53.33618546,52.5,0.337379992,0.325639993,27.01799774,36.04203033
7,West Germany,1981,12.115,6.334841728,56.67341995,NA,NA,NA,NA,35.42348862
7,West Germany,1982,12.761,5.390070915,57.34183884,NA,NA,NA,NA,34.7784729
7,West Germany,1983,13.519,3.230148077,55.48263931,NA,NA,NA,NA,35.08514404
7,West Germany,1984,14.481,2.346805811,58.7918129,NA,NA,NA,NA,34.51585007
7,West Germany,1985,15.291,2.038216591,61.51943207,58.5,NA,NA,NA,34.85138702
7,West Germany,1986,15.998,-0.249687895,55.11741257,NA,NA,NA,NA,34.36679459
7,West Germany,1987,16.679,0.125156447,52.91487503,NA,NA,NA,NA,34.09018707
7,West Germany,1988,17.786,1.125,53.91034317,NA,NA,NA,NA,33.77233505
7,West Germany,1989,18.994,2.843016148,57.66485214,NA,NA,NA,NA,33.96273041
7,West Germany,1990,20.465,2.764423132,58.36149979,56.20000076,NA,NA,NA,NA
7,West Germany,1991,21.602,3.742690086,NA,NA,NA,NA,NA,NA
7,West Germany,1992,22.154,4.058624744,NA,NA,NA,NA,NA,NA
7,West Germany,1993,21.878,3.683640242,NA,NA,NA,NA,NA,NA
7,West Germany,1994,22.371,2.821316719,NA,NA,NA,NA,NA,NA
7,West Germany,1995,23.035,1.626016259,NA,NA,NA,NA,NA,NA
7,West Germany,1996,23.742,1.299999952,NA,NA,NA,NA,NA,NA
7,West Germany,1997,24.156,1.776900291,NA,NA,NA,NA,NA,NA
7,West Germany,1998,24.931,0.872938871,NA,NA,NA,NA,NA,NA
7,West Germany,1999,25.755,0.673076928,NA,NA,NA,NA,NA,NA
7,West Germany,2000,26.943,NA,NA,NA,NA,NA,NA,NA
7,West Germany,2001,27.449,NA,NA,NA,NA,NA,NA,NA
7,West Germany,2002,28.348,NA,NA,NA,NA,NA,NA,NA
7,West Germany,2003,28.855,NA,NA,NA,NA,NA,NA,NA
8,Italy,1960,1.62,NA,26.57342911,13.89999962,NA,NA,NA,NA
8,Italy,1961,1.763,2.702702999,26.88328171,NA,NA,NA,NA,NA
8,Italy,1962,1.9,3.947367907,27.11723709,NA,NA,NA,NA,NA
8,Italy,1963,2.021,7.594936848,27.78547096,NA,NA,NA,NA,NA
8,Italy,1964,2.093,5.882352829,26.75519943,NA,NA,NA,NA,NA
8,Italy,1965,2.205,4.444445133,27.67775536,14.10000038,NA,NA,NA,NA
8,Italy,1966,2.4,3.191488981,29.030056,NA,NA,NA,NA,NA
8,Italy,1967,2.624,3.092782974,29.30025673,NA,NA,NA,NA,NA
8,Italy,1968,2.91,2,29.87667274,NA,NA,NA,NA,NA
8,Italy,1969,3.227,1.960783958,31.84476852,NA,NA,NA,NA,NA
8,Italy,1970,3.602,4.807693005,32.85418701,17.5,NA,NA,NA,NA
8,Italy,1971,3.834,5.504587173,33.22465897,NA,NA,NA,NA,40.38537979
8,Italy,1972,4.101,5.217391014,34.73353958,NA,NA,NA,NA,39.51486969
8,Italy,1973,4.594,10.74380016,36.74185562,NA,NA,NA,NA,40.68503952
8,Italy,1974,5.24,19.4029808,44.55847931,NA,NA,NA,NA,42.32258987
8,Italy,1975,5.601,16.875,41.32477188,18.60000038,NA,NA,NA,41.31369019
8,Italy,1976,6.288,16.57753944,45.42570114,NA,NA,NA,NA,42.21162033
8,Italy,1977,6.821,17.43119049,45.85133362,NA,NA,NA,NA,41.67761993
8,Italy,1978,7.542,12.10937977,45.11474228,NA,NA,NA,NA,41.04507065
8,Italy,1979,8.594,14.63414955,47.70630646,NA,NA,NA,NA,40.67570877
8,Italy,1980,9.643,21.27659988,46.65439606,29.20000076,0.372779995,0.324519992,26.72800064,40.37955856
8,Italy,1981,10.593,17.79449081,48.83624649,NA,NA,NA,NA,39.03865051
8,Italy,1982,11.275,16.38298035,47.11219788,NA,NA,NA,NA,38.13298035
8,Italy,1983,11.812,14.62522984,43.4841156,NA,NA,NA,NA,36.95853043
8,Italy,1984,12.543,10.84529018,45.80588913,NA,NA,NA,NA,36.52841949
8,Italy,1985,13.285,9.208633423,46.10847473,30.29999924,NA,NA,NA,36.09994125
8,Italy,1986,13.896,5.797101021,38.94102859,NA,NA,NA,NA,34.89699936
8,Italy,1987,14.688,4.732254028,38.3682518,NA,NA,NA,NA,34.5780983
8,Italy,1988,15.784,5.112960815,37.96268463,NA,NA,NA,NA,34.44107056
8,Italy,1989,16.875,6.221718788,40.16733932,NA,NA,NA,NA,34.55434036
8,Italy,1990,17.946,6.496273041,40.04520035,31.5,NA,NA,NA,33.89799881
8,Italy,1991,18.845,6.300000191,37.98858643,NA,NA,NA,NA,32.91080093
8,Italy,1992,19.367,5.079961777,39.34540558,NA,NA,NA,NA,32.38869095
8,Italy,1993,19.778,4.476275921,42.43131638,NA,NA,NA,NA,31.35424995
8,Italy,1994,20.577,4.027420998,45.07428741,NA,NA,NA,NA,31.30135918
8,Italy,1995,21.532,5.244370937,51.24739838,32.40000153,NA,NA,NA,31.50128937
8,Italy,1996,22.235,3.974524021,48.17211914,NA,NA,NA,NA,30.50213051
8,Italy,1997,22.81,2.043106079,50.31563187,NA,NA,NA,NA,30.06422997
8,Italy,1998,23.84,1.962939978,NA,NA,NA,NA,NA,29.91003036
8,Italy,1999,24.402,1.655629039,NA,NA,NA,NA,NA,29.3114109
8,Italy,2000,25.759,2.537687063,NA,32,NA,NA,NA,29.04273987
8,Italy,2001,26.586,2.785166025,NA,NA,NA,NA,NA,28.74292946
8,Italy,2002,27.32,2.46532011,NA,NA,NA,NA,NA,28.28013992
8,Italy,2003,27.537,2.672559023,NA,NA,NA,NA,NA,27.80481911
9,Netherlands,1960,2.113,NA,90.88709259,11.10000038,NA,NA,NA,NA
9,Netherlands,1961,2.111,1.732092977,88.21291351,NA,NA,NA,NA,NA
9,Netherlands,1962,2.275,2.286037922,86.7037735,NA,NA,NA,NA,NA
9,Netherlands,1963,2.36,3.343183994,87.91217041,NA,NA,NA,NA,NA
9,Netherlands,1964,2.566,5.790884018,86.53981781,NA,NA,NA,NA,NA
9,Netherlands,1965,2.739,5.794898033,83.92977142,13.60000038,NA,NA,NA,NA
9,Netherlands,1966,2.874,5.796870232,82.38142395,NA,NA,NA,NA,NA
9,Netherlands,1967,3.078,3.486793041,79.59117889,NA,NA,NA,NA,NA
9,Netherlands,1968,3.399,3.675612926,79.65446472,NA,NA,NA,NA,NA
9,Netherlands,1969,3.951,7.428249836,82.78465271,NA,NA,NA,NA,NA
9,Netherlands,1970,4.342,3.679936886,88.7379303,45.79999924,NA,NA,NA,NA
9,Netherlands,1971,4.705,7.47758007,88.536026,NA,NA,NA,NA,37.20112991
9,Netherlands,1972,4.984,7.791749954,84.71720123,NA,NA,NA,NA,36.96020126
9,Netherlands,1973,5.475,8.013519287,88.92211914,NA,NA,NA,NA,36.77001953
9,Netherlands,1974,6.165,9.609367371,102.1402283,NA,NA,NA,NA,36.93426895
9,Netherlands,1975,6.699,10.21273041,93.63817596,44.29999924,NA,NA,NA,35.57052994
9,Netherlands,1976,7.345,9.057486534,95.76620483,NA,NA,NA,NA,35.76351166
9,Netherlands,1977,7.959,6.474102974,91.19661713,NA,NA,NA,NA,35.20782089
9,Netherlands,1978,8.676,4.08001709,87.71375275,NA,NA,NA,NA,34.13188934
9,Netherlands,1979,9.504,4.210453987,96.2868042,NA,NA,NA,NA,34.08446884
9,Netherlands,1980,10.458,6.733320236,102.6574554,44.09999847,0.293680012,0.307779998,21.84000015,34.51797867
9,Netherlands,1981,11.304,6.748466015,109.6119461,NA,NA,NA,NA,34.74647141
9,Netherlands,1982,11.784,5.86206913,107.3393021,NA,NA,NA,NA,34.06893158
9,Netherlands,1983,12.419,2.823019028,106.9497833,NA,NA,NA,NA,33.90657043
9,Netherlands,1984,13.234,3.273494959,114.4047318,NA,NA,NA,NA,34.5517807
9,Netherlands,1985,13.938,2.223926067,116.7998276,44.70000076,NA,NA,NA,34.86816025
9,Netherlands,1986,14.613,0.100024998,97.60882568,NA,NA,NA,NA,32.4193306
9,Netherlands,1987,15.197,-0.707802474,96.81970978,NA,NA,NA,NA,30.76184082
9,Netherlands,1988,16.082,0.7463938,101.081543,NA,NA,NA,NA,30.96866035
9,Netherlands,1989,17.387,1.08216095,106.491394,NA,NA,NA,NA,30.66597939
9,Netherlands,1990,18.665,3.285469055,103.6821213,45.40000153,NA,NA,NA,30.71949005
9,Netherlands,1991,19.626,3.133332968,103.3009567,NA,NA,NA,NA,30.41987991
9,Netherlands,1992,20.224,3.183581114,99.63787079,NA,NA,NA,NA,29.3456707
9,Netherlands,1993,20.679,2.584182024,94.70642853,NA,NA,NA,NA,28.65413094
9,Netherlands,1994,21.588,2.801527023,95.98548126,NA,NA,NA,NA,28.54458046
9,Netherlands,1995,22.585,2.095282078,99.49503326,46.29999924,NA,NA,NA,28.74622917
9,Netherlands,1996,23.531,2.016666889,101.0114288,NA,NA,NA,NA,28.43317986
9,Netherlands,1997,24.692,2.156510115,104.8999329,NA,NA,NA,NA,27.8301506
9,Netherlands,1998,25.811,1.983047962,NA,NA,NA,NA,NA,27.1060009
9,Netherlands,1999,26.654,2.211071014,NA,NA,NA,NA,NA,26.31303978
9,Netherlands,2000,28.467,2.523780107,NA,45.40000153,NA,NA,NA,26.79898071
9,Netherlands,2001,30.359,4.534231186,NA,NA,NA,NA,NA,26.62816048
9,Netherlands,2002,31.284,3.467067957,NA,NA,NA,NA,NA,25.82768059
9,Netherlands,2003,31.792,2.114639997,NA,NA,NA,NA,NA,NA
10,Norway,1960,1.713,NA,73.68096161,21.29999924,NA,NA,NA,NA
10,Norway,1961,1.823,2.451107979,72.1399765,NA,NA,NA,NA,NA
10,Norway,1962,1.905,5.268516064,69.3447876,NA,NA,NA,NA,NA
10,Norway,1963,1.991,2.587040901,70.43979645,NA,NA,NA,NA,NA
10,Norway,1964,2.112,5.679944038,71.78108215,NA,NA,NA,NA,NA
10,Norway,1965,2.268,4.259590149,71.81725311,22.39999962,NA,NA,NA,NA
10,Norway,1966,2.417,3.251337051,72.53379822,NA,NA,NA,NA,NA
10,Norway,1967,2.62,4.433394909,74.77305603,NA,NA,NA,NA,NA
10,Norway,1968,2.784,3.471534014,73.5936203,NA,NA,NA,NA,NA
10,Norway,1969,3.035,3.067485094,72.03035736,NA,NA,NA,NA,NA
10,Norway,1970,3.213,10.56548023,74.13993073,31.10000038,NA,NA,NA,NA
10,Norway,1971,3.523,6.258411884,73.0029068,NA,NA,NA,NA,31.94467926
10,Norway,1972,3.814,7.219758987,70.42838287,NA,NA,NA,NA,32.2304306
10,Norway,1973,4.138,7.442409992,76.50484467,NA,NA,NA,NA,32.27220917
10,Norway,1974,4.728,9.414513588,83.27902985,NA,NA,NA,NA,33.08652878
10,Norway,1975,5.458,11.70707035,78.76720428,34.79999924,NA,NA,NA,34.6241188
10,Norway,1976,6.116,9.175756454,79.9323349,NA,NA,NA,NA,34.20970154
10,Norway,1977,6.742,9.04315567,78.6998291,NA,NA,NA,NA,34.07640076
10,Norway,1978,7.412,8.151506424,72.25500488,NA,NA,NA,NA,35.43352127
10,Norway,1979,8.354,4.75982523,77.27374268,NA,NA,NA,NA,38.27973938
10,Norway,1980,9.557,10.89620972,80.33016205,39.29999924,0.336959988,0.374179989,31.59399986,40.3887291
10,Norway,1981,10.548,13.63704967,79.64889526,NA,NA,NA,NA,40.68091965
10,Norway,1982,11.205,11.37205982,78.18887329,NA,NA,NA,NA,40.84820938
10,Norway,1983,12.022,8.411047935,76.31546021,NA,NA,NA,NA,42.04796982
10,Norway,1984,13.22,6.279108047,77.4801712,NA,NA,NA,NA,43.46854019
10,Norway,1985,14.354,5.665823936,78.7447052,41,NA,NA,NA,42.85285187
10,Norway,1986,15.184,7.186768055,72.85356903,NA,NA,NA,NA,36.27046967
10,Norway,1987,15.823,8.725932121,67.69511414,NA,NA,NA,NA,35.8069191
10,Norway,1988,16.299,6.698483944,67.40088654,NA,NA,NA,NA,34.00419998
10,Norway,1989,17.043,4.555441856,73.29363251,NA,NA,NA,NA,35.52539825
10,Norway,1990,18.004,4.113032818,74.73464203,69.59999847,NA,NA,NA,35.66043854
10,Norway,1991,19.212,3.420682907,72.62284851,NA,NA,NA,NA,34.55202103
10,Norway,1992,20.185,2.342116117,69.54724884,NA,NA,NA,NA,34.1705513
10,Norway,1993,21.088,2.271488905,70.12580109,NA,NA,NA,NA,33.7640419
10,Norway,1994,22.534,1.39855504,70.58622742,NA,NA,NA,NA,34.25857925
10,Norway,1995,23.874,2.456404924,70.10320282,66.69999695,NA,NA,NA,35.35277939
10,Norway,1996,26.263,1.258694053,72.61958313,NA,NA,NA,NA,37.7201004
10,Norway,1997,27.776,2.580740929,75.46217346,NA,NA,NA,NA,38.26290131
10,Norway,1998,27.294,2.255686045,74.28208923,NA,NA,NA,NA,33.82028961
10,Norway,1999,30.011,2.333138943,NA,NA,NA,NA,NA,35.71146011
10,Norway,2000,36.273,3.086067915,NA,62.5,NA,NA,NA,42.95294952
10,Norway,2001,37.078,3.017378092,NA,NA,NA,NA,NA,40.87419891
10,Norway,2002,36.617,1.288146019,NA,NA,NA,NA,NA,37.90837097
10,Norway,2003,37.245,2.47539711,NA,NA,NA,NA,NA,37.51623917
12,Switzerland,1960,3.387,NA,53.25350189,21.79999924,NA,NA,NA,NA
12,Switzerland,1961,3.625,1.845371008,54.59318161,NA,NA,NA,NA,NA
12,Switzerland,1962,3.788,4.315616131,54.49474335,NA,NA,NA,NA,NA
12,Switzerland,1963,3.946,3.439718962,53.69223022,NA,NA,NA,NA,NA
12,Switzerland,1964,4.158,3.081314087,53.6607132,NA,NA,NA,NA,NA
12,Switzerland,1965,4.36,3.414516926,55.15858841,22.29999924,NA,NA,NA,NA
12,Switzerland,1966,4.575,4.776131153,55.51873398,NA,NA,NA,NA,NA
12,Switzerland,1967,4.79,4.021478176,54.61389542,NA,NA,NA,NA,NA
12,Switzerland,1968,5.138,2.412350893,56.83709717,NA,NA,NA,NA,NA
12,Switzerland,1969,5.645,2.489006996,60.69416046,NA,NA,NA,NA,NA
12,Switzerland,1970,6.382,3.616027117,63.58904266,38,NA,NA,NA,36.26636124
12,Switzerland,1971,6.938,6.573012829,60.33388901,NA,NA,NA,NA,35.98696136
12,Switzerland,1972,7.406,6.660192013,58.81928635,NA,NA,NA,NA,35.70756149
12,Switzerland,1973,7.998,8.755041122,59.54798126,NA,NA,NA,NA,35.42816162
12,Switzerland,1974,8.8,9.766747475,63.37842178,NA,NA,NA,NA,35.14876556
12,Switzerland,1975,8.934,6.696453094,56.72312546,36.40000153,NA,NA,NA,34.77623367
12,Switzerland,1976,9.368,1.715862036,60.43211365,NA,NA,NA,NA,34.4968338
12,Switzerland,1977,10.24,1.285269976,66.90280914,NA,NA,NA,NA,34.21743774
12,Switzerland,1978,11.003,1.055814028,64.0697403,NA,NA,NA,NA,33.93803787
12,Switzerland,1979,12.189,3.647643089,67.31410217,NA,NA,NA,NA,33.658638
12,Switzerland,1980,13.853,4.022026062,72.83211517,54.29999924,0.335240006,0.337440014,30.96399879,32.86999893
12,Switzerland,1981,15.338,6.490219116,72.36986542,NA,NA,NA,NA,32.68999863
12,Switzerland,1982,15.963,5.655211926,67.87425995,NA,NA,NA,NA,32.20000076
12,Switzerland,1983,16.611,2.967686892,68.3494339,NA,NA,NA,NA,31.89999962
12,Switzerland,1984,17.71,2.911207914,72.16822052,NA,NA,NA,NA,31.92000008
12,Switzerland,1985,18.812,3.429986,74.65241241,53.59999847,NA,NA,NA,32.00999832
12,Switzerland,1986,19.458,0.740740716,70.62199402,NA,NA,NA,NA,31.88999939
12,Switzerland,1987,20.12,1.447963953,69.58219147,NA,NA,NA,NA,31.45999908
12,Switzerland,1988,21.334,1.884477973,71.42003632,NA,NA,NA,NA,31.61000061
12,Switzerland,1989,22.965,3.162964106,75.54489136,NA,NA,NA,NA,31.69000053
12,Switzerland,1990,24.518,5.378739834,72.0016098,53.79999924,NA,NA,NA,31.34000015
12,Switzerland,1991,24.84,5.879392147,68.58638,NA,NA,NA,NA,30.79000092
12,Switzerland,1992,25.141,4.041076183,67.86860657,NA,NA,NA,NA,29.98999977
12,Switzerland,1993,25.427,3.271796942,66.71021271,NA,NA,NA,NA,29.57999992
12,Switzerland,1994,26.031,0.85840708,66.58563232,NA,NA,NA,NA,30.40999985
12,Switzerland,1995,26.485,1.798719049,66.15725708,54.79999924,NA,NA,NA,29.82999992
12,Switzerland,1996,26.394,0.81882441,67.9402771,NA,NA,NA,NA,28.80999947
12,Switzerland,1997,27.85,0.521501184,75.34065247,NA,NA,NA,NA,28.19000053
12,Switzerland,1998,28.835,0.0170097,NA,NA,NA,NA,NA,27.43000031
12,Switzerland,1999,28.887,0.824829876,NA,NA,NA,NA,NA,27.43000031
12,Switzerland,2000,30.461,1.543391943,NA,55,NA,NA,NA,26.76000023
12,Switzerland,2001,30.806,0.988372087,NA,NA,NA,NA,NA,27.35000038
12,Switzerland,2002,32.751,0.641500115,NA,NA,NA,NA,NA,26.78000069
12,Switzerland,2003,33.516,0.629239202,NA,NA,NA,NA,NA,26.45000076
14,Japan,1960,1.01,NA,20.9543438,30.89999962,NA,NA,NA,NA
14,Japan,1961,1.143,5.404726028,20.12308693,NA,NA,NA,NA,NA
14,Japan,1962,1.262,6.773192883,18.67110252,NA,NA,NA,NA,NA
14,Japan,1963,1.374,7.661379814,18.86198997,NA,NA,NA,NA,NA
14,Japan,1964,1.546,3.838174105,19.13273048,NA,NA,NA,NA,NA
14,Japan,1965,1.647,6.593407154,19.60080338,36.70000076,NA,NA,NA,NA
14,Japan,1966,1.889,5.0796628,19.55724335,NA,NA,NA,NA,NA
14,Japan,1967,2.133,3.977880955,19.05208969,NA,NA,NA,NA,NA
14,Japan,1968,2.496,5.369702816,19.07467461,NA,NA,NA,NA,NA
14,Japan,1969,2.917,5.242591858,19.48479843,NA,NA,NA,NA,NA
14,Japan,1970,3.293,7.673266888,20.33049202,33,NA,NA,NA,NA
14,Japan,1971,3.575,6.41697216,20.70204735,NA,NA,NA,NA,45.17071915
14,Japan,1972,3.988,4.824021816,18.85861015,NA,NA,NA,NA,44.57823944
14,Japan,1973,4.491,11.64593029,20.04691696,NA,NA,NA,NA,45.35773087
14,Japan,1974,4.778,23.15456963,27.9450531,NA,NA,NA,NA,43.63290024
14,Japan,1975,5.3,11.78279018,25.55242729,38.09999847,NA,NA,NA,41.40547943
14,Japan,1976,5.768,9.34922123,26.31209564,NA,NA,NA,NA,41.48410034
14,Japan,1977,6.344,8.158703804,24.55251884,NA,NA,NA,NA,40.43693924
14,Japan,1978,7.084,4.210797787,20.49978447,NA,NA,NA,NA,40.69216156
14,Japan,1979,8.027,3.730787992,24.03823853,NA,NA,NA,NA,40.6004715
14,Japan,1980,8.931,7.778707027,28.28038597,39.90000153,0.319880009,0.419580013,34.98600006,41.00014877
14,Japan,1981,9.986,4.911307812,28.64903069,NA,NA,NA,NA,40.91641998
14,Japan,1982,10.813,2.736975908,28.35613441,NA,NA,NA,NA,40.32062149
14,Japan,1983,11.346,1.882328987,26.09698868,NA,NA,NA,NA,39.47266006
14,Japan,1984,12.064,2.271579981,27.26115799,NA,NA,NA,NA,39.8345108
14,Japan,1985,12.978,2.023691893,25.54118347,41.90000153,NA,NA,NA,39.59440994
14,Japan,1986,13.59,0.619254887,18.74487114,NA,NA,NA,NA,39.0124588
14,Japan,1987,14.425,0.125011995,17.55620193,NA,NA,NA,NA,38.94235992
14,Japan,1988,15.862,0.672301173,17.79494286,NA,NA,NA,NA,39.11177063
14,Japan,1989,17.269,2.280098915,19.78005981,NA,NA,NA,NA,39.04401016
14,Japan,1990,18.815,3.059416056,20.64731026,44.5,NA,NA,NA,39.36252975
14,Japan,1991,20.055,3.240112066,18.73082924,NA,NA,NA,NA,39.02354813
14,Japan,1992,20.648,1.727010012,17.88268089,NA,NA,NA,NA,37.85884094
14,Japan,1993,21.122,1.284039974,16.31121063,NA,NA,NA,NA,36.38005829
14,Japan,1994,21.757,0.706202686,16.44124031,NA,NA,NA,NA,34.92773056
14,Japan,1995,22.551,-0.126732007,17.31402016,46.79999924,NA,NA,NA,34.21718979
14,Japan,1996,23.714,0.135352299,19.33234978,NA,NA,NA,NA,33.91785049
14,Japan,1997,24.478,1.731858015,20.99990082,NA,NA,NA,NA,33.71395111
14,Japan,1998,24.429,0.656037211,21.14498711,NA,NA,NA,NA,32.7045517
14,Japan,1999,24.709,-0.338255912,NA,NA,NA,NA,NA,32.42955017
14,Japan,2000,26.015,-0.670529783,NA,47.90000153,NA,NA,NA,32.23115921
14,Japan,2001,26.619,-0.733394384,NA,NA,NA,NA,NA,30.96191978
14,Japan,2002,27.196,-0.915120482,NA,NA,NA,NA,NA,30.39851952
14,Japan,2003,28.071,-0.2541942,NA,NA,NA,NA,NA,NA
16,Greece,1960,0.707,NA,21.31253052,7.900000095,NA,NA,NA,NA
16,Greece,1961,1.028,1.93423605,21.17231941,NA,NA,NA,NA,NA
16,Greece,1962,1.049,-0.379506588,21.92602348,NA,NA,NA,NA,NA
16,Greece,1963,1.188,2.857142925,23.08808708,NA,NA,NA,NA,NA
16,Greece,1964,1.316,0.92592591,23.2946682,NA,NA,NA,NA,NA
16,Greece,1965,1.492,3.119266033,24.2456398,9.800000191,NA,NA,NA,NA
16,Greece,1966,1.634,4.982205868,24.71656036,NA,NA,NA,NA,NA
16,Greece,1967,1.754,1.694915056,23.64206886,NA,NA,NA,NA,NA
16,Greece,1968,1.967,0.333333313,23.10320282,NA,NA,NA,NA,NA
16,Greece,1969,2.298,2.491693974,23.46528244,NA,NA,NA,NA,NA
16,Greece,1970,2.631,2.917341948,23.4626255,10.60000038,NA,NA,NA,NA
16,Greece,1971,2.988,2.992125988,23.72875595,NA,NA,NA,NA,36.11808014
16,Greece,1972,3.383,4.281344891,26.18502808,NA,NA,NA,NA,36.32357025
16,Greece,1973,3.844,15.54251957,32.53394699,NA,NA,NA,NA,36.53493881
16,Greece,1974,3.907,26.90354919,34.34080887,NA,NA,NA,NA,34.11114883
16,Greece,1975,4.505,13.36666965,35.98082733,12.89999962,NA,NA,NA,33.06772995
16,Greece,1976,5.024,13.31225967,35.66825485,NA,NA,NA,NA,33.04417038
16,Greece,1977,5.417,12.16996002,34.58829498,NA,NA,NA,NA,33.73072815
16,Greece,1978,6.138,12.53252983,34.65200043,NA,NA,NA,NA,32.86336899
16,Greece,1979,6.781,19.04615021,35.08242798,NA,NA,NA,NA,34.10897827
16,Greece,1980,7.374,24.87480927,38.59044266,19.70000076,0.265659988,0.342579991,24.00200081,32.94260025
16,Greece,1981,7.87,24.45895958,39.11535263,NA,NA,NA,NA,32.57167816
16,Greece,1982,8.204,20.91897964,38.69732285,NA,NA,NA,NA,30.66064072
16,Greece,1983,8.388,20.24167061,40.97497559,NA,NA,NA,NA,31.31060028
16,Greece,1984,8.834,18.44895935,42.33080673,NA,NA,NA,NA,30.46172905
16,Greece,1985,9.297,19.30256081,44.36379242,23.70000076,NA,NA,NA,30.4569397
16,Greece,1986,9.525,23.02108955,43.68021011,NA,NA,NA,NA,31.09041977
16,Greece,1987,9.548,16.38495064,46.11131287,NA,NA,NA,NA,29.96099091
16,Greece,1988,10.277,13.52674961,44.24684525,NA,NA,NA,NA,29.37480927
16,Greece,1989,11.036,13.69999981,45.67035675,NA,NA,NA,NA,28.53590012
16,Greece,1990,11.405,20.40456963,44.88119125,28.70000076,NA,NA,NA,28.1967392
16,Greece,1991,11.971,19.4728508,43.14999008,NA,NA,NA,NA,26.52802086
16,Greece,1992,12.198,15.86590004,43.44935989,NA,NA,NA,NA,25.66123009
16,Greece,1993,12.166,14.41448975,41.30995941,NA,NA,NA,NA,25.50778008
16,Greece,1994,12.566,10.92278957,40.28256989,NA,NA,NA,NA,24.36351013
16,Greece,1995,12.991,8.937056541,40.8180809,31.79999924,NA,NA,NA,23.0866909
16,Greece,1996,13.418,8.196219444,40.40134048,NA,NA,NA,NA,23.02569008
16,Greece,1997,14.127,5.538972855,39.68484116,NA,NA,NA,NA,21.59255028
16,Greece,1998,14.665,4.766225815,NA,NA,NA,NA,NA,22.34332085
16,Greece,1999,15.213,2.636782885,NA,NA,NA,NA,NA,22.29583931
16,Greece,2000,16.272,3.150125027,NA,33.79999924,NA,NA,NA,22.82801056
16,Greece,2001,17.332,3.374995947,NA,NA,NA,NA,NA,23.4864502
16,Greece,2002,19.119,3.629228115,NA,NA,NA,NA,NA,23.21043015
16,Greece,2003,20.479,3.530556917,NA,NA,NA,NA,NA,23.83000946
18,Portugal,1960,0.728,NA,37.35393906,3.5,NA,NA,NA,NA
18,Portugal,1961,0.783,1.549002051,39.9828949,NA,NA,NA,NA,NA
18,Portugal,1962,0.848,2.66207099,38.32178879,NA,NA,NA,NA,NA
18,Portugal,1963,0.905,2.021573067,39.37736511,NA,NA,NA,NA,NA
18,Portugal,1964,0.979,3.400000095,50.41978455,NA,NA,NA,NA,NA
18,Portugal,1965,1.084,3.48162508,52.90273666,3.900000095,NA,NA,NA,NA
18,Portugal,1966,1.17,5.046729088,52.80591583,NA,NA,NA,NA,NA
18,Portugal,1967,1.293,5.516014099,51.54959869,NA,NA,NA,NA,NA
18,Portugal,1968,1.475,6.070827007,49.79483795,NA,NA,NA,NA,NA
18,Portugal,1969,1.592,7.402512074,48.17641449,NA,NA,NA,NA,NA
18,Portugal,1970,1.916,4.533332825,50.21158218,6.800000191,NA,NA,NA,NA
18,Portugal,1971,2.153,7.496075153,51.90704727,NA,NA,NA,NA,35.13776016
18,Portugal,1972,2.42,8.944869995,53.73325729,NA,NA,NA,NA,35.94559097
18,Portugal,1973,2.845,10.35523033,54.88760757,NA,NA,NA,NA,35.96345901
18,Portugal,1974,3.048,27.96842003,62.63342667,NA,NA,NA,NA,37.54447937
18,Portugal,1975,3.045,20.40815926,48.22216797,9.600000381,NA,NA,NA,35.21149826
18,Portugal,1976,3.407,18.24990082,43.77533722,NA,NA,NA,NA,34.72537994
18,Portugal,1977,3.784,27.19166946,47.03731537,NA,NA,NA,NA,34.72417068
18,Portugal,1978,4.12,22.64299011,47.75360489,NA,NA,NA,NA,33.15320969
18,Portugal,1979,4.663,23.53758049,58.92995834,NA,NA,NA,NA,31.94780922
18,Portugal,1980,5.263,16.69189072,62.9790802,10.60000038,0.240820006,0.297980011,26.48800087,32.87776947
18,Portugal,1981,5.812,20.04076004,64.51056671,NA,NA,NA,NA,33.93984985
18,Portugal,1982,6.263,22.73022079,64.73094177,NA,NA,NA,NA,33.64522171
18,Portugal,1983,6.479,25.10564041,68.4471817,NA,NA,NA,NA,34.49607849
18,Portugal,1984,6.57,28.78333092,74.85384369,NA,NA,NA,NA,32.84180832
18,Portugal,1985,6.959,19.64539909,71.50999451,13.69999981,NA,NA,NA,32.82257843
18,Portugal,1986,7.414,11.76311016,62.80073547,NA,NA,NA,NA,30.64454079
18,Portugal,1987,8.126,9.343148232,69.23901367,NA,NA,NA,NA,30.37262917
18,Portugal,1988,9.057,9.697048187,73.42917633,NA,NA,NA,NA,32.47451019
18,Portugal,1989,10.042,12.61655045,75.04156494,NA,NA,NA,NA,32.34439087
18,Portugal,1990,10.894,13.37246037,75.17774963,14.80000019,NA,NA,NA,31.71348
18,Portugal,1991,11.783,10.92623043,69.90818024,NA,NA,NA,NA,30.28443909
18,Portugal,1992,12.219,8.941666603,65.14225006,NA,NA,NA,NA,30.2791996
18,Portugal,1993,12.236,6.501951218,62.44868851,NA,NA,NA,NA,29.60256958
18,Portugal,1994,12.614,5.214394093,65.60572052,NA,NA,NA,NA,30.64366913
18,Portugal,1995,13.413,4.123147964,68.57444763,14.69999981,NA,NA,NA,31.4980793
18,Portugal,1996,13.974,3.120697021,69.22181702,NA,NA,NA,NA,31.74154091
18,Portugal,1997,14.804,2.161612034,71.54988861,NA,NA,NA,NA,31.63949013
18,Portugal,1998,15.401,2.716439962,NA,NA,NA,NA,NA,31.1362896
18,Portugal,1999,16.363,2.303885937,NA,NA,NA,NA,NA,30.41584969
18,Portugal,2000,17.353,2.846720934,NA,14.89999962,NA,NA,NA,29.99341965
18,Portugal,2001,18.071,4.394756794,NA,NA,NA,NA,NA,29.39245033
18,Portugal,2002,18.799,3.545052052,NA,NA,NA,NA,NA,28.68818092
18,Portugal,2003,17.603,3.283333063,NA,NA,NA,NA,NA,NA
19,Spain,1960,1.074,NA,16.2498188,3.900000095,NA,NA,NA,NA
19,Spain,1961,1.201,2.00591898,17.63880157,NA,NA,NA,NA,NA
19,Spain,1962,1.335,5.634758949,19.60612869,NA,NA,NA,NA,NA
19,Spain,1963,1.467,8.804627419,19.67971992,NA,NA,NA,NA,NA
19,Spain,1964,1.554,6.950187206,21.49239159,NA,NA,NA,NA,NA
19,Spain,1965,1.678,13.23637962,22.70879364,4.599999905,NA,NA,NA,NA
19,Spain,1966,1.841,6.194115162,23.89032364,NA,NA,NA,NA,NA
19,Spain,1967,1.954,6.4145751,21.74691963,NA,NA,NA,NA,NA
19,Spain,1968,2.16,4.96331501,24.65740204,NA,NA,NA,NA,NA
19,Spain,1969,2.447,2.124452114,26.0330925,NA,NA,NA,NA,NA
19,Spain,1970,2.715,5.757616997,27.45075607,5.800000191,NA,NA,NA,NA
19,Spain,1971,2.951,8.236041069,27.57412529,NA,NA,NA,NA,40.66722107
19,Spain,1972,3.293,8.289365768,28.92659187,NA,NA,NA,NA,41.69329071
19,Spain,1973,3.71,11.39021015,29.88689423,NA,NA,NA,NA,42.23266983
19,Spain,1974,4.227,15.71734047,33.60297394,NA,NA,NA,NA,43.17229843
19,Spain,1975,4.6,16.92565918,30.85140228,8.199999809,NA,NA,NA,42.08322144
19,Spain,1976,4.965,17.62931061,31.890625,NA,NA,NA,NA,41.38425064
19,Spain,1977,5.364,24.52668953,30.97939491,NA,NA,NA,NA,40.52180862
19,Spain,1978,5.761,19.78421021,29.5208683,NA,NA,NA,NA,39.43257141
19,Spain,1979,6.188,15.66901016,29.62631989,NA,NA,NA,NA,38.9656105
19,Spain,1980,6.856,15.54988956,33.5229454,13.30000019,0.251760006,0.313239992,24.56800079,38.56755066
19,Spain,1981,7.447,14.55704021,37.42520523,NA,NA,NA,NA,37.67301941
19,Spain,1982,7.957,14.40795994,38.38861465,NA,NA,NA,NA,37.06180954
19,Spain,1983,8.378,12.17745018,41.89353561,NA,NA,NA,NA,36.79449844
19,Spain,1984,8.812,11.27433014,43.44701004,NA,NA,NA,NA,35.92079926
19,Spain,1985,9.259,8.817526817,43.49967957,17.60000038,NA,NA,NA,36.2090683
19,Spain,1986,9.744,8.796503067,37.5777626,NA,NA,NA,NA,36.65430069
19,Spain,1987,10.542,5.246259212,38.54277802,NA,NA,NA,NA,36.09407043
19,Spain,1988,11.434,4.840478897,38.8391571,NA,NA,NA,NA,35.9314003
19,Spain,1989,12.417,6.791468143,39.45245361,NA,NA,NA,NA,36.21815872
19,Spain,1990,13.365,6.717939854,37.50268936,25.5,NA,NA,NA,35.47665024
19,Spain,1991,14.152,5.935327053,37.4070816,NA,NA,NA,NA,34.68851089
19,Spain,1992,14.564,5.92572403,38.03964996,NA,NA,NA,NA,32.86190033
19,Spain,1993,14.699,4.568635941,39.40948105,NA,NA,NA,NA,31.16820908
19,Spain,1994,15.325,4.718468189,44.3964386,NA,NA,NA,NA,30.55055046
19,Spain,1995,16.032,4.674753189,47.85290146,28.60000038,NA,NA,NA,30.98291016
19,Spain,1996,16.72,3.558506012,50.07329941,NA,NA,NA,NA,30.45866966
19,Spain,1997,17.42,1.970708013,55.55865097,NA,NA,NA,NA,30.44140053
19,Spain,1998,18.479,1.833536983,57.12530136,NA,NA,NA,NA,30.19667053
19,Spain,1999,19.817,2.310672045,NA,NA,NA,NA,NA,29.98920059
19,Spain,2000,21.074,3.432614088,NA,30.70000076,NA,NA,NA,30.19370079
19,Spain,2001,22.257,3.591100931,NA,NA,NA,NA,NA,29.92884064
19,Spain,2002,23.756,3.066776991,NA,NA,NA,NA,NA,29.68475914
19,Spain,2003,24.812,3.033473969,NA,NA,NA,NA,NA,29.58651924
20,Australia,1960,2.373,NA,31.26643944,50.40000153,NA,NA,NA,NA
20,Australia,1961,2.346,2.512131929,29.82107353,NA,NA,NA,NA,NA
20,Australia,1962,2.539,-0.278474003,30.15854454,NA,NA,NA,NA,NA
20,Australia,1963,2.717,0.530578077,32.05539703,NA,NA,NA,NA,NA
20,Australia,1964,2.873,2.361110926,31.52728462,NA,NA,NA,NA,NA
20,Australia,1965,2.973,3.962007999,31.03559875,48.90000153,NA,NA,NA,NA
20,Australia,1966,3.23,2.975723982,29.97315216,NA,NA,NA,NA,NA
20,Australia,1967,3.404,3.193916082,30.11419296,NA,NA,NA,NA,NA
20,Australia,1968,3.788,2.652910948,28.34859467,NA,NA,NA,NA,NA
20,Australia,1969,4.162,2.919358969,29.8211422,NA,NA,NA,NA,NA
20,Australia,1970,4.49,3.906068087,28.96243286,48.29999924,NA,NA,NA,NA
20,Australia,1971,4.677,6.063995838,27.80747223,NA,NA,NA,NA,37.29359055
20,Australia,1972,5.013,5.86497879,27.70298958,NA,NA,NA,NA,36.80088043
20,Australia,1973,5.595,9.465922356,29.44040298,NA,NA,NA,NA,35.43584824
20,Australia,1974,6.024,15.11013985,31.63861084,NA,NA,NA,NA,36.88676071
20,Australia,1975,6.683,15.07196045,28.90040588,47,NA,NA,NA,37.10454941
20,Australia,1976,7.14,13.52390957,31.20761681,NA,NA,NA,NA,36.66529083
20,Australia,1977,7.482,12.30023956,30.86309624,NA,NA,NA,NA,35.99935913
20,Australia,1978,8.272,7.923674107,32.15132141,NA,NA,NA,NA,35.65282059
20,Australia,1979,9.174,9.090001106,34.95830917,NA,NA,NA,NA,35.81056976
20,Australia,1980,10.203,10.12658024,33.86125183,47.5,0.317299992,0.317979991,29.69599915,37.02669907
20,Australia,1981,11.513,9.691744804,33.17372513,NA,NA,NA,NA,35.92433929
20,Australia,1982,11.537,11.14550972,31.65773773,NA,NA,NA,NA,34.74367142
20,Australia,1983,12.3,10.11355972,30.67813873,NA,NA,NA,NA,34.82569885
20,Australia,1984,13.12,3.950185061,34.64099884,NA,NA,NA,NA,35.29965973
20,Australia,1985,14.019,6.739048958,35.24624634,48.40000153,NA,NA,NA,35.07287979
20,Australia,1986,14.537,9.084531784,34.74440002,NA,NA,NA,NA,32.77785873
20,Australia,1987,15.554,8.488745689,34.72343826,NA,NA,NA,NA,31.35881042
20,Australia,1988,16.524,7.231771946,34.08369446,NA,NA,NA,NA,29.87517929
20,Australia,1989,17.255,7.559424877,34.35853577,NA,NA,NA,NA,29.9609108
20,Australia,1990,17.322,7.272260189,34.4617691,48.40000153,NA,NA,NA,28.96680069
20,Australia,1991,17.652,3.222680092,35.23764038,NA,NA,NA,NA,28.16799927
20,Australia,1992,18.496,0.985915482,37.69256973,NA,NA,NA,NA,27.97166061
20,Australia,1993,19.432,1.813109994,38.35179138,NA,NA,NA,NA,28.00918007
20,Australia,1994,20.583,1.894976974,39.71842957,NA,NA,NA,NA,28.13991928
20,Australia,1995,21.773,4.63813591,40.15325928,48.59999847,NA,NA,NA,27.82765007
20,Australia,1996,22.562,2.612420082,39.97737885,NA,NA,NA,NA,27.10231972
20,Australia,1997,23.649,0.250417411,42.17679977,NA,NA,NA,NA,27.07669067
20,Australia,1998,24.853,0.853455424,41.36495972,NA,NA,NA,NA,26.28313065
20,Australia,1999,26.283,1.465427995,NA,NA,NA,NA,NA,26.19072914
20,Australia,2000,27.403,4.47518301,NA,43.59999847,NA,NA,NA,25.56668091
20,Australia,2001,28.492,4.380840778,NA,NA,NA,NA,NA,25.43910027
20,Australia,2002,29.819,3.003170967,NA,NA,NA,NA,NA,25.94952011
20,Australia,2003,31.273,2.770735025,NA,NA,NA,NA,NA,NA
21,New Zealand,1960,2.545,NA,52.54882431,58,NA,NA,NA,NA
21,New Zealand,1961,2.659,1.830283046,52.94456863,NA,NA,NA,NA,NA
21,New Zealand,1962,2.713,2.696079016,48.80368423,NA,NA,NA,NA,NA
21,New Zealand,1963,2.866,1.909307957,53.84495926,NA,NA,NA,NA,NA
21,New Zealand,1964,3.001,3.434817076,50.79602814,NA,NA,NA,NA,NA
21,New Zealand,1965,3.224,3.396225929,44.78164291,54.29999924,NA,NA,NA,NA
21,New Zealand,1966,3.481,2.773722887,45.9671669,NA,NA,NA,NA,NA
21,New Zealand,1967,3.36,6.107954979,39.77976608,NA,NA,NA,NA,NA
21,New Zealand,1968,3.489,4.283802032,44.66377258,NA,NA,NA,NA,NA
21,New Zealand,1969,3.969,4.878048897,46.90852356,NA,NA,NA,NA,NA
21,New Zealand,1970,4.136,6.548346996,48.3240242,54.5,NA,NA,NA,NA
21,New Zealand,1971,4.438,10.30303001,45.48152542,NA,NA,NA,NA,34.02939987
21,New Zealand,1972,4.78,6.776556969,47.43124008,NA,NA,NA,NA,33.2089386
21,New Zealand,1973,5.335,8.233276367,49.57340622,NA,NA,NA,NA,32.4518013
21,New Zealand,1974,6.041,11.25197983,55.45851517,NA,NA,NA,NA,35.51660156
21,New Zealand,1975,6.382,14.52991009,54.88924789,57.09999847,NA,NA,NA,34.52904129
21,New Zealand,1976,6.748,16.79104042,57.88928223,NA,NA,NA,NA,34.71202087
21,New Zealand,1977,6.867,14.58998966,56.79647446,NA,NA,NA,NA,32.95465851
21,New Zealand,1978,7.301,11.89591026,55.0418663,NA,NA,NA,NA,32.50107956
21,New Zealand,1979,7.915,13.70431995,61.89754486,NA,NA,NA,NA,32.65748978
21,New Zealand,1980,8.656,17.09276962,62.08681107,46.09999847,0.266640007,0.295159996,25.52199936,32.1857605
21,New Zealand,1981,9.736,15.34622955,62.44666672,NA,NA,NA,NA,34.01445007
21,New Zealand,1982,10.687,16.17090034,62.35155487,NA,NA,NA,NA,34.55593109
21,New Zealand,1983,11.262,7.355679989,61.91337204,NA,NA,NA,NA,33.40370941
21,New Zealand,1984,12.141,6.201213837,70.57388306,NA,NA,NA,NA,34.5864296
21,New Zealand,1985,12.556,15.39404011,64.61286926,46.59999847,NA,NA,NA,33.26813889
21,New Zealand,1986,13.085,13.21782017,55.48104095,NA,NA,NA,NA,31.91995049
21,New Zealand,1987,13.402,15.7411499,52.39779282,NA,NA,NA,NA,30.22941017
21,New Zealand,1988,13.569,6.375142097,50.62525558,NA,NA,NA,NA,28.58742905
21,New Zealand,1989,14.124,7.49060297,53.81930542,NA,NA,NA,NA,29.19099045
21,New Zealand,1990,14.42,5.506608009,54.53501129,24.10000038,NA,NA,NA,27.92192078
21,New Zealand,1991,14.252,1.670145988,56.4281311,NA,NA,NA,NA,27.33919907
21,New Zealand,1992,14.679,1.026694059,61.14054108,NA,NA,NA,NA,27.11837959
21,New Zealand,1993,15.605,1.422763944,59.26334,NA,NA,NA,NA,27.06921005
21,New Zealand,1994,16.686,2.404809952,60.43647003,NA,NA,NA,NA,27.7684803
21,New Zealand,1995,17.402,3.739836931,58.5961113,26.60000038,NA,NA,NA,26.99032021
21,New Zealand,1996,17.879,2.298851013,57.03107071,NA,NA,NA,NA,26.7421608
21,New Zealand,1997,18.51,1.174667954,57.13209915,NA,NA,NA,NA,26.50679016
21,New Zealand,1998,18.669,1.287228942,NA,NA,NA,NA,NA,25.27656937
21,New Zealand,1999,19.937,-0.124595098,NA,NA,NA,NA,NA,25.51297951
21,New Zealand,2000,20.789,2.61976099,NA,26.29999924,NA,NA,NA,25.29167938
21,New Zealand,2001,21.825,2.625821114,NA,NA,NA,NA,NA,NA
21,New Zealand,2002,22.662,2.677090883,NA,NA,NA,NA,NA,NA
21,New Zealand,2003,23.728,1.75357604,NA,NA,NA,NA,NA,NA
